,graph_artists,playlist_artists,graph_ID,graph_pop,playlist_ID,playlist_pop
0,the beatles,stevie wonder,3WrFJ7ztbogyGnTHbHJFl2,89,7guDJrEfX3qb6FEbdPA5qi,79
1,the beach boys,the beatles,3oDbviiivRWhXwIE8hxkVV,75,3WrFJ7ztbogyGnTHbHJFl2,89
2,the nashville a-team,marvin gaye,0,0,3koiLjNrgRTNbOwViDipeA,76
3,jamiroquai,elton john,6J7biCazzYhU3gM9j1wfid,69,3PhoLpVuITZKcymswpck5b,84
4,coldplay,the rolling stones,4gzpq5DPGxSnKTe4SA8HAU,88,22bE4uQ6baNwSHPVcDxLCe,82
5,wings,freddie mercury,3sFhA6G1N0gG1pszb6kk1m,67,4M1FpEWs2PeYfJe7xxJfhH,63
6,elton john,blondie,3PhoLpVuITZKcymswpck5b,84,4tpUmLEVLCGFr93o8hFFIB,70
7,rod stewart,abba,2y8Jo9CKhJvtfeKOsYzRdT,75,0LcJLqbBmaGUft1e9Mm8HV,80
8,muse,amy macdonald,12Chz98pHFMPJEknJQMWvI,79,1hJuGCUpefX24GFmss9bjH,61
9,the rolling stones,the killers,22bE4uQ6baNwSHPVcDxLCe,82,0C0XlULifJtAgn6ZNCW2eu,80
10,a‐ha,onerepublic,2jzc5TC5TVFLXQlBNiIUzE,73,5Pwc4xIPtQLFEnJriah9YJ,84
11,the band,mary j. blige,4vpDg7Y7fU982Ds30zawDA,67,1XkoF8ryArs86LZvFOkbyr,72
12,savage garden,amy winehouse,3NRFinRTEqUCfaTTZmk8ek,67,6Q192DXotxtaysaqNPy5yR,77
13,radiohead,chic,4Z8W4fKeB5YxbusRsdQVPb,80,0Xf8oDAJYd2D0k3NLI19OV,64
14,oasis,queen,2DaxqgrOhkeH0fpeiQq2f4,80,1dfeR4HaWDbWqFHLkxsg1d,89
15,bryan adams,lionel richie,3Z02hBLubJxuFJfhacLSDc,77,3gMaNLQm7D9MornNILzdSl,73
16,train,u2,3FUY2gzHeIiaesXtOAdB7A,76,51Blml2LZPmy7TTiAg47vQ,81
17,n*e*r*d,the beach boys,5wPoxI5si3eJsYYwyXV4Wi,63,3oDbviiivRWhXwIE8hxkVV,75
18,no doubt,simon & garfunkel,0cQbJU1aAzvbEmTuljWLlF,69,70cRZdQywnSFp9pnc2WTCE,76
19,motörhead,vanessa carlton,1DFr97A9HnbV3SKTJFu62M,69,5ILrArfIV0tMURcHJN8Q07,67
20,limp bizkit,the who,165ZgPlLkK7bf5bDoFc6Sb,73,67ea9eGLXYMsO2eYQRui3w,73
21,u2,various artists,51Blml2LZPmy7TTiAg47vQ,81,0,0
22,ash,madonna,6P5NO5hzJbuOqSdyPB7SJM,77,6tbjWDEIzxoDsBA1FuhfPW,79
23,38 special,whitney houston,3zXw2Eh96iTT51pytzHdZi,60,6XpaIBNiVzIetEPCWDvAFP,80
24,take that,spice girls,1XgFuvRd7r5g0h844A5ZUQ,68,0uq5PttqEjj3IH1bzwcrXF,71
25,lynyrd skynyrd,abel,4MVyzYMgTwdP7Z49wAZHx0,75,2T2i2Hx29XyITkYbMm5u39,24
26,all star tribute,beastie boys,6imgPvjUxWkB5xtymEArjJ,15,03r4iKL2g2442PT9n2UKsx,71
27,the killers,oasis,0C0XlULifJtAgn6ZNCW2eu,80,2DaxqgrOhkeH0fpeiQq2f4,80
28,sam brown,iggy pop,3gvT4Mc7kn54IUy08Y0Tr5,45,33EUXrFKGjpUSGacqEHhU4,67
29,the cult,david bowie,49DW3KvkyjHO35mK1JnSyS,61,0oSGxfWSnnOXhD2fKuz2Gy,81
30,the the,golden earring,7cKtqv9cYVlOwnuCFH95ce,56,1iTlOqIrZy8DlvCPJY2sjS,59
31,the waterboys,hans de booij,5TnuP42pw475UrjjeabtwZ,59,7cdRThov7spzODFHbygauO,39
32,thin lizzy,alicia keys,6biWAmrHyiMkX49LkycGqQ,66,3DiDSECUqqY1AuBP8qtaIa,82
33,carly simon,rihanna,4FtSnMlCVxCswABUmdhwpm,66,5pKCCKE2ajJHZ9KAiaK11H,90
34,band aid 20,diana ross,71UcB6UtI3juKDx2wsOaqn,18,3MdG05syQeRYPPcClLaUGl,70
35,ultravox,ilse delange,3iUjRVvYCsMfz7tuAQtBDI,56,3FTKP1k9VbOng3m1rgnsqx,58
36,the eleventh hour,guus meeuwis,3HE6k3UosrQNV1m48ALVMu,6,72qVrKXRp9GeFQOesj0Pmv,64
37,tom jones,marco borsato,1T0wRBO0CK0vK8ouUMqEl5,65,3D2GUXbtlL3r2d5HJEnsFD,68
38,marc anthony,nirvana,4wLXwxDeWQ8mtUIRPxGiD6,79,6olE6TJLqED3rqDCT0FyPh,81
39,grand funk railroad,robbie williams,0qEcf3SFlpRcb3lK3f2GZI,57,2HcwFjNelS49kFbfvMxQYw,74
40,backstreet boys,tears for fears,5rSXSAkZ67PYJSvpUpkOr7,80,4bthk9UfsYUYdcFyqxmSUU,72
41,america,michael jackson,35U9lQaRWSQISxQAB94Meo,70,3fMbdgg4jU18AjLCKBhRSm,83
42,brian wilson,maroon 5,4Q82S0VzF8qlCb4PnSDurj,51,04gDigrS5kc9YWfZHwBETP,89
43,alicia keys,coldplay,3DiDSECUqqY1AuBP8qtaIa,82,4gzpq5DPGxSnKTe4SA8HAU,88
44,staind,stromae,5KDIH2gF0VpelTqyQS7udb,67,5j4HeCoUlzhfWtjAfM1acR,71
45,the divine comedy,metallica,7EV6jW6dotBdvsHj6xPixi,51,2ye2Wgw4gimLv2eAKyk1NB,83
46,all saints,chris isaak,5TDVKqW9uhqGjwwwKGuma4,59,7290H8m1Dwt8G7jm1y9CQx,64
47,nashville string machine,the verve,6HjpAIut8VQT6jqgcgfwj2,0,2cGwlqi3k18jFpUyTrsR84,69
48,apollo,4 non blondes,37f9cjf8Ic4t7vYNRYAzI7,46,0Je74SitssvJg1w4Ra2EK7,65
49,cornershop,creedence clearwater revival,3Kf7VEIRWquxrNIuyJZnfF,54,3IYUhFvPQItj6xySrBmZkd,79
50,jennifer lopez,tom jones,2DlGxzQSjYe5N6G9nkYghR,79,1T0wRBO0CK0vK8ouUMqEl5,65
51,deacon blue,cher,5jqKIZLB5WA5KquEihB3ND,54,72OaDtakiy6yFqkt4TsiFt,72
52,louis xiv,the band,60NKN6tZYKbkjX1qpFQIqF,36,4vpDg7Y7fU982Ds30zawDA,67
53,destiny’s child,bee gees,1Y8cdNmUJH7yBTd9yOvr5i,75,1LZEQNv7sE11VDY3SdxQeN,77
54,teenage fanclub,john lennon,2Sp19cOHSqAUlE64hekARW,46,4x1nvY2FN8jxqAFA0DA02H,73
55,s club 7,mumford & sons,1kM5rgJvkiDMOoKX56H6pX,62,3gd8FJtBJtkRxdfbTu19U2,78
56,stevie wonder,bon jovi,7guDJrEfX3qb6FEbdPA5qi,79,58lV9VcRSjABbAbfWS6skp,80
57,bill monroe and the bluegrass boys,dire straits,5CWbfANRpZbnxdstzcNg5H,37,0WwSkZ7LtFUFjGjMZBMt6T,77
58,the boomtown rats,joan osborne,40oYPr305MsT2lsiXr9fX9,52,0djV4iaxhNfYWpH60ia85o,55
59,*nsync,tina turner,6Ff53KvcvAj5U7Z1vojB5o,71,1zuJe6b1roixEKMOtyrEak,71
60,donald fagen,no doubt,0S1SjYebdSaiMpI8xSW2Wb,50,0cQbJU1aAzvbEmTuljWLlF,69
61,scissor sisters,racoon,3Y10boYzeuFCJ4Qgp53w6o,63,30mNTnmvPn3HwXA5dW1Iza,66
62,brotherhood of man,bløf,4Cyr5aqgXza16isOrQNOvo,36,0,0
63,dr. john,james morrison,320TrJub4arztwXRm7kqVO,58,3LpLGlgRS1IKPPwElnpW35,67
64,54-40,triggerfinger,1Y4l4YawNAZndGBSrZxb3N,42,3UhIlk54Oe4ja06V962ptU,45
65,the cowsills,adele,4ZSzroBNV7HzBDO9aohuF1,41,4dpARuHxo51G3z768sgnrY,84
66,gavin rossdale,crowded house,6lBam1B1t8wpnH7pJHWnj6,38,7ohlPA8dRBtCf92zaZCaaB,68
67,spirit of the forest,the police,48jBABk3GZiryXOxEOjads,0,5NGO30tJxFlKixkPSgXcFE,77
68,the neptunes,supertramp,0KuF7reCTOZwV7YJnHQqgr,45,3JsMj0DEzyWc0VDlHuy9Bx,72
69,aaron carter,george michael,5338fdSzGNOFD4cxAxDTeq,50,19ra5tSw0tWufvUp8GotLo,75
70,the revolution,kanye west,7y4wIG2U2P7lRBt8yW6pu2,13,5K4W6rqBFWDnAN6FQUkS6x,90
71,prince,snoop dogg,5a2EaR3hamoenG9rDuVn8j,75,7hJcb9fa4alzcOq3EaNPoG,84
72,the white stripes,eminem,4F84IBURUo98rz4r61KF70,73,7dGJo4pcD2V6oG8kP0tJRR,94
73,the raconteurs,d12,4wo1267SJuUfHgasdlfNfc,63,5Qi4Bb7a8C0a00NZcA77L0,66
74,the black crowes,jay-z,5krkohEVJYw0qoB5VWwxaC,63,3nFkdlSjzX9mRTtwJOzDYB,85
75,jack white,2pac,4FZ3j1oH43e7cukCALsCwf,61,1ZwdS5xdxEREPySFridCfh,81
76,the dead weather,trick daddy,4AZab8zo2nTYd7ORDmQu0V,49,12FHARd9fY0Tu0ila4Ua25,60
77,the dirtbombs,mario,4wPKtZH8mW0PdLeWPneweb,32,20s0P9QLxGqKuCsGwFsp7w,70
78,dexys midnight runners,tony 214,4QTVePrFu1xuGM9K0kNXkk,66,4uq1qbbmEt5OSHMyAAW664,13
79,lisa coleman,ciara,63hYYCAWq84DG0M4Uj9ccd,17,2NdeV5rLm47xAvogXrYhJX,74
80,kenny chesney,shrx,3grHWM9bx2E9vwJCdlRv9O,76,4TxvvC7Yq74K6io2r4yp3e,22
81,the detroit cobras,allen stone,4tWFXbJnjC9lM3UzmOpUiR,39,536osqBGKzeozje8BfcGsa,58
82,sawyer brown,outkast,50hFWG3MaUUX5phNrrVc97,54,1G9G7WwrXka3Z1r7aIDjI7,75
83,hoobastank,jet,2MqhkhX4npxDZ62ObR5ELO,67,5ypxebeHEIXjMtJb17uJlI,65
84,the flesh,kid swift,4MRa1EZ5ARwvMzdReJ7Ycy,1,7rEoWSmtfAdSxqZZceghya,30
85,girl bros.,shannon k,5Fe7lgCHgCB8oZhG3KoTZz,30,78CGeleRIUbrzD47TLlI8U,50
86,the emerald express,my chemical romance,0,0,7FBcuc1gsnv6Y1nwFtNRCb,79
87,sponge,kevin lyttle,2JXDwIo5HsiwTcTPQytrZ8,48,1GaBsp1ICIp1e6udgE7fba,57
88,94 east,seth patrick,0Vl8HhdQAUi6sJfNQuZHQL,21,1mDv4N8Qh2ueQUOB0kF6n7,28
89,the gories,kelis,5tcr1ujTO3Q0WH2wkY7RWh,31,0IF46mUS8NXjgHabxk2MCM,65
90,george jones,beyoncé,2OpqcUtj10HHvGG6h9VYC5,65,6vWDO969PvNqNYHIOW5v0m,87
91,confederate railroad,brecnmari,1YPIe9qIMa99O0a0OW47Be,52,3t7b000GxeW65pKp2mXpH0,27
92,goober & the peas,ying yang twins,09RNiiqzkrUDctiZqdXXnk,7,44PA0rCQXikgOWbfY7Fq7m,64
93,sammy kershaw,sean sahand,3tkZthBATD0S45hm1DmB2O,58,3ZE6dXaAq58YsOJa1pETQY,29
94,player,alan jackson,0fgtHVpOPfXb07S8Jx443z,56,4mxWe1mtYIYfP040G38yvS,74
95,the ceyleib people,chingy,5LlVkvZRvM1cHleD2HrLJw,4,3s2wTjWxK8NOX09dmsvVOh,61
96,2 star tabernacle,juvenile,0,0,0rG0AZBscc8S8q1ahIsasI,63
97,wendy melvoin,avé,23yaIfQozFQPSVO0yLAf2V,15,7zPS3i8YJBNeDcqXUHfCMr,63
98,camille,lil jon & the east side boyz,0gOsZcHl7H3ewXVIEnWFZX,54,3ciRvbBIVz9fBoPbtSYq4x,64
99,jack white and the bricks,wendy halo,0,0,733Qfvgf8RvoJhp5J35zxe,36
100,john michael montgomery,john michael montgomery,7mPcfx7PhnBh6n4HMCd61A,63,7mPcfx7PhnBh6n4HMCd61A,63
101,flotsam and jetsam,twista,1ApBh0VSoxRjjT3kFQZrpz,38,6vbY3hOaCAhC7VjucswgdS,70
102,prong,linkin park,6SER9tY2pDIDVWVf5Ql97B,44,6XyY86QOPPrYVGvF9ch6wz,86
103,the go,abster,0,0,6KbTepBmqOOdxyFI7ozubL,23
104,the family,nickelback,0eV7uNHXarEGKmDzr5jPxp,49,6deZN1bslXzeGvOLaLMOIF,78
105,mark wills,oddghxst,0dlwjJe4kg9TgOMN184bJF,53,3XRSO448VzTyhkDuChOFaw,30
106,madhouse,sean paul,3pZqwVklKUj1XRohYytabC,0,3Isy6kedDrgPYoTS1dazA9,82
107,doyle bramhall ii,lloyd,7Chzu4eSaqDHFXFvjaycAV,39,1Xfmvd48oOhEWkscWyEbh9,67
108,blacktop,berto amor,0vd3tEMFtcRCJUYozv1kj4,6,4wQUZvdjHQ8ZzPoDZn7zs3,7
109,king sound quartet,keith urban,0,0,0u2FHSq3ln94y5Q57xazwf,75
110,the upholsterers,toby keith,0,0,2bA6fzP0lMAQ4kz6CF61w8,71
111,susannah melvoin,j-kwon,0,0,1Zz5UxfKSSqc6hpa3xJPCw,56
112,aluminium,jessica simpson,3wNTFcf77XtAqu9XhyETAQ,25,2tFN9ubMXEhdAQvdQxcsma,55
113,gary myrick & the figures,switchfoot,1gfJfroBiJLCpt1rUYAfkR,19,6S58b0fr8TkWrEHOH4tRVu,63
114,3rdeyegirl,kenny chesney,1dDkI5AhrJqZuft1mVefDJ,26,3grHWM9bx2E9vwJCdlRv9O,76
115,kinesis,destiny's child,6YKaDeLUQBtR2lWeJP5clo,5,1Y8cdNmUJH7yBTd9yOvr5i,75
116,the wolfmanhattan project,britney spears,1S5clEfPqQYdLRh4YewXgj,4,26dSoYclwsYLMAKD3tpOr4,81
117,dr. hook,thomas ortiz,2Mhi3jfuRSdbVZPdjqsnnN,61,68Iv1LZvLXT8eeU8JcIkpE,30
118,paisley park,jagged edge,3ZwACdQWuyqOJK5D5c9C0t,8,7Aq8lpLMSt1Zxu56pe9bmp,66
119,alexander nevermind,los lonely boys,1HCq7xhKoRtKoXqXD59gWR,0,4aSEmLLxLX9wR5aLMllOKj,49
120,marla cannon-goodman,christina milian,74uAZmRdVsXyRNOPAS2Zxj,0,4eAOcbAXIF4BmbN6E1QIlw,55
121,the screws,beenie man,5KEwsNl30yUDw4QrLhE2PS,3,4L3GTE04bW5N7azA9QPhjA,61
122,the third man,ludacris,7lQypeK0fjBmILvFPMWBt3,2,3ipn9JLAPI5GUEo4y4jcoi,78
123,the modernaires,cassidy,3qKEtH1zoLm2ofNZivYevw,30,3WilJWdCNLSU7fpYjiKb7v,51
124,meg white,3 doors down,0ckm57lXaAapgbDYYOkerb,0,2RTUTCvo6onsAnheUk3aL9,72
125,tall poppy red,versed in grey,0,0,5e5m7j6MFpWAzc9TVhusdT,15
126,wendy & lisa,youngbloodz,5Fe7lgCHgCB8oZhG3KoTZz,30,2OqENqJFXPORP4BUGnu2Qq,58
127,jonathan melvoin,monica,0,0,6nzxy2wXs6tLgzEtqOkEi2,65
128,herb ellis & ray brown sextet,ryan cabrera,0,0,3C4t1usFGoKHCSRdujm2GN,53
129,blanche,akon,77oJgo5Qgg0D5gg5oByGMH,15,0z4gvV4rjIZ9wHck67ucSV,81
130,the alphabet,nick cannon,528i1EC8qdydioEZotKCtW,7,480i0t8YiGc2aoOR6BeLAb,47
131,bradley cooper,eamon,4VIvfOurcf0vuLRxLkGnIG,77,1y20PpXw0yeuJ1avCD0Ob9,58
132,jim carrey,petey pablo,30MCPVWV1iZrs2gxciRRk4,26,4Js9eYwAf9rypNtV8pNSw9,59
133,the mood elevator,softspoken,58Mc3E1pJEc61A0ROZuxZ0,0,3y8JSazi8hWvLiSFXQqGIk,26
134,melonie cannon,usher,1ov3V5yMaqFCP1Rb03c9Fo,18,23zg3TcAtWQy7J6upgbUnj,82
135,jordan dickerson,ruben studdard,0,0,0H0yrKDty3I7pPrNUSH3wW,45
136,the wildbunch,lil' flip,3s9bukASoTnfxMf1WF5MqB,7,4Q5sPmM8j4SpMqL4UA1DtS,57
137,the blue ox babes,jadakiss,1Dd6poAJPqNcam0Kqmwfgg,3,5pnbUBPifNnlusY8kTBivi,68
138,cassidy,hoobastank,3WilJWdCNLSU7fpYjiKb7v,51,2MqhkhX4npxDZ62ObR5ELO,67
139,ireland baldwin,fond of rudy,0,0,3ovhPYIFC8jEBnrRKcrlcI,24
140,the maverick choir,avant,0,0,0AunegKKH2ys98aLxq8G1A,58
141,clinton gregory,dido,5Bv4d581TzctwcP2twjJ8D,11,2mpeljBig2IXLXRAFO9AAs,71
142,rose mazzola,kelly clarkson,0,0,3BmGtnKgCSGYIUhmivXKWX,77
143,dan john miller,baby bash,0VhPMOvvrDXODXb5QhdvcO,2,12PSlydMSjEHzSCj9X5qv7,65
144,joy deb,black eyed peas,2xvrywokCTjYy5lVcmYTN3,1,1yxSLGMDHlW21z4YXirZDS,83
145,ko and the knockouts,five for fighting,1oZxNgERBE1KIyL0Lm4t3D,7,7FgMLbnZVrEnir95O0YujA,62
146,the come ons,terror squad,0pi3iSfCtwGpGbvs7b2Kv9,6,2BvzbqWWwLN11XGBYgDZzx,54
147,tyka nelson,trey lewis,1vCgLj2vW4KhX5axAs3TPh,1,15tTVhFpH8EFXeDgO9xkRO,20
148,deep purple,evanescence,568ZhdwyaiCyOGJRtNYhWf,71,5nGIFgo0shDenQYSE0Sn7c,73
149,black sabbath,ashlee simpson,5M52tdBnJaKSvOpJGz8mfZ,75,4hqDqHtBlgxXpLXVYf7c8L,52
150,ac/dc,avril lavigne,711MCceyCBcFnzjGY4Q7Un,83,0p4nmQO2msCgU4IF37Wi3j,78
151,whitesnake,mario winans,3UbyYnvNIT5DFXU4WgiGpP,69,4BIQA9vRkqXEnA2twmq7mU,59
152,queen,nelly,1dfeR4HaWDbWqFHLkxsg1d,89,2gBjLmx6zQnFGQJCAQpRgw,76
153,the who,tim mcgraw,67ea9eGLXYMsO2eYQRui3w,73,6roFdX1y5BYSbp60OTJWMd,75
154,eagles,jojo,0ECwFtbIWEVNwjlrfc6xoL,78,5xuNBZoM7z1Vv8IQ6uM0p6,67
155,electric light orchestra,ll cool j,7jefIIksOi1EazgRTfW2Pk,74,1P8IfcNKwrkQP5xJWuhaOC,65
156,fleetwood mac,g-unit,08GQAI4eElDnROBrJRGE0X,82,6evKD5JWJON3qPBJtUEmtY,63
157,the kinks,r. kelly,1SQRv42e4PjEYfPhS0Tk9E,71,2mxe0TnaNL039ysAj51xPQ,71
158,eric clapton,santana,6PAt558ZEZl0DmdXlnjMgD,76,6GI52t8N5F02MxU0g5U69P,73
159,uriah heep,finger eleven,45O9BwPMyywM755SYUK0sP,56,0niJkG4tKkne3zwr7I8n9n,59
160,guns n’ roses,guns n' roses,3qm84nBOXUEQ2vnTfUTTFC,82,3qm84nBOXUEQ2vnTfUTTFC,82
161,the yardbirds,eagles,2lxX1ivRYp26soIavdG9bX,55,0ECwFtbIWEVNwjlrfc6xoL,78
162,duran duran,the doors,0lZoBs4Pzo7R89JM9lxwoT,70,22WZ7M8sxp5THdruNY3gXt,76
163,santana,lynyrd skynyrd,6GI52t8N5F02MxU0g5U69P,73,4MVyzYMgTwdP7Z49wAZHx0,75
164,alice cooper,ac/dc,3EhbVgyfGd7HkpsagwL9GS,66,711MCceyCBcFnzjGY4Q7Un,83
165,r.e.m.,deep purple,4KWTAlx2RvbpseOGMEmROg,76,568ZhdwyaiCyOGJRtNYhWf,71
166,cream,pink floyd,74oJ4qxwOZvX6oSsu1DGnw,68,0k17h0D3J5VfsdmQ1iZtE9,83
167,james gang,boston,5hfOHpGMsi8O3DA0ROLGqF,61,29kkCKKGXheHuoO829FxWK,70
168,the guess who,derek & the dominos,0cQuYRSzlItquYxsQKDvVc,61,2rc78XDH9zuJP6bm78lU8Z,63
169,faces,aerosmith,3v4feUQnU3VEUqFrjmtekL,61,7Ey4PD4MYsKc5I2dolUwbH,78
170,the doors,kiss,22WZ7M8sxp5THdruNY3gXt,76,07XSN3sPlIlB2L2XNcTwJw,74
171,the allman brothers band,steppenwolf,4wQ3PyMz3WwJGI5uEqHUVR,68,1WRM9i067hd2ujxxi8FI3m,65
172,bob dylan,kansas,74ASZWbe4lXaubB36ztrGX,77,2hl0xAkS2AIRAu23TVMBG1,69
173,the sisters of mercy,the clash,2CSWBwhuu4bearI8swf8Gj,16,3RGLhK1IP9jnYFH4BRFJBS,73
174,the lightning seeds,whitesnake,67YNiSqhrx1P8oPvIIvbP5,51,3UbyYnvNIT5DFXU4WgiGpP,69
175,manfred mann’s earth band,eric clapton,2utNxkLhreF1oIfO8kQT3q,58,6PAt558ZEZl0DmdXlnjMgD,76
176,small faces,black sabbath,1YqGsKpdixxSVgpfaL2AEQ,51,5M52tdBnJaKSvOpJGz8mfZ,75
177,rainbow,led zeppelin,6SLAMfhOi7UJI0fMztaK0m,62,36QJpDe2go2KgaRleHCDTp,81
178,king crimson,free,7M1FPw29m5FbicYzS2xdpi,59,2e53aHBQdCMKWqHDuyJsjC,61
179,erasure,john fogerty,0z5DFXmhT4ZNzWElsM7V89,65,5ujCegv1BRbEPTCwQqFk6t,58
180,journey,bob seger,0rvjqX7ttXeg3mTy8Xscbt,76,485uL27bPomh29R4JmQehQ,70
181,pete townshend,bob dylan,24Wa5wIZIo1sPkzVGP0B5p,49,74ASZWbe4lXaubB36ztrGX,77
182,john mayall & the bluesbreakers,cream,2ScuQMRWThcifBRIvNDFDC,50,74oJ4qxwOZvX6oSsu1DGnw,68
183,squeeze,the doobie brothers,6Jrj26oAY96EEC2lqC6fua,55,39T6qqI0jDtSWWioX8eGJz,71
184,simon & garfunkel,the hollies,70cRZdQywnSFp9pnc2WTCE,76,6waa8mKu91GjzD4NlONlNJ,65
185,humble pie,don mclean,2CxLP749mup3ncPrXgCnvU,45,1gRNBaI4yn6wCCTvRhGWh8,68
186,level 42,the cure,0L9xkvBPcEp1nrhDrodxc5,58,7bu3H8JO7d0UbMoVzbo70s,76
187,styx,van halen,4salDzkGmfycRqNUbyBphh,65,2cnMpRsOVqtPMfq7YiFE6K,74
188,faith no more,the animals,6GbCJZrI318Ybm8mY36Of5,66,3ICflSq6ZgYAIrm2CTkfVP,67
189,65daysofstatic,the kinks,6DVVsQAnpHdJjb1nYuOQ6g,46,1SQRv42e4PjEYfPhS0Tk9E,71
190,"emerson, lake & palmer",tom petty,0nCiidE5GgDrc5kWN3NZgZ,55,2UZMlIwnkgAEDBsw1Rejkn,72
191,asia,journey,1bdytLV3FPjyhfrb6BhMej,55,0rvjqX7ttXeg3mTy8Xscbt,76
192,blind faith,fleetwood mac,5GUVj2b1lJ4DolQyHlzyaO,50,08GQAI4eElDnROBrJRGE0X,82
193,ufo,bruce springsteen,2Omy3P5hFZym7FKum1JA1s,55,3eqjTLE0HfPfh78zjh6TqT,79
194,katy perry,the knack,6jJ0s89eD6GaHleKKya26X,86,0Nn9YwJzcaeuU1jJL06e3r,61
195,usa for africa,radiohead,2z16cLWVwv6yhVZil2tRq8,1,4Z8W4fKeB5YxbusRsdQVPb,80
196,1984,red hot chili peppers,2UNaUwHwER9f5lZVgYuAGX,3,0L8ExT028jH3ddEcZwqJJ5,84
197,helloween,thin lizzy,4pQN0GB0fNEEOfQCaWotsY,61,6biWAmrHyiMkX49LkycGqQ,66
198,poco,zz top,0fyqyjD7pbaVzbu94ylWQR,48,2AM4ilv6UzW0uMRuqKtDgN,72
199,argent,the guess who,46VosWAvtZsBl7rvxufsWG,38,0cQuYRSzlItquYxsQKDvVc,61
200,steve vai,america,32Jb1X3wSmmoHj2epZReZA,53,35U9lQaRWSQISxQAB94Meo,70
201,gary moore,tom petty and the heartbreakers,23wr9RJZg0PmYvVFyNkQ4j,60,4tX2TplrkIP4v05BNC903e,71
202,kirk hammett,steve miller band,2ePzbA0F0TD96Na0MEB2Cf,20,6QtGlUje9TIkLrgPZrESuk,70
203,ringo starr & his all starr band,the allman brothers band,6DbJi8AcN5ANdtvJcwBSw8,54,4wQ3PyMz3WwJGI5uEqHUVR,68
204,geordie,t. rex,0IzJYdxaNLwrC7diSCu0iY,28,3dBVyJ7JuOMt4GE9607Qin,65
205,stereophonics,quiet riot,21UJ7PRWb3Etgsu99f8yo8,68,1dLWg6m8RRhizsdqJbhyj3,63
206,naked city,heart,1wDXSijq7Sw72GFNS55Ozj,0,34jw2BbxjoYalTp8cJFCPv,69
207,don henley,van morrison,5dbuFbrHa1SJlQhQX9OUJ2,67,44NX2ffIYHr6D4n7RaZF7A,76
208,kansas,ozzy osbourne,2hl0xAkS2AIRAu23TVMBG1,69,6ZLTlhejhndI4Rh53vYhrY,78
209,derek and the dominos,bad company,2rc78XDH9zuJP6bm78lU8Z,63,5AEG63ajney2BoDXi0Vb84,64
210,chelsea,blue öyster cult,25O9uYqu9G9i3tVOcH03k6,27,00tVTdpEhQQw1bqdu8RCx2,67
211,metallica,cheap trick,2ye2Wgw4gimLv2eAKyk1NB,83,1LB8qB5BPb3MHQrfkvifXU,65
212,ozzy osbourne,janis joplin,6ZLTlhejhndI4Rh53vYhrY,78,4NgfOZCL9Ml67xzM0xzIvC,68
213,ministry,mountain,1DXylZlWbVvlckNqwvjTEt,54,7LCp4MN0SOIVWlssid9KyE,57
214,revolting cocks,jimi hendrix,7vCJSBATlld5vDKTH87tpG,33,776Uo845nYHJpNaStv1Ds4,74
215,rush,the byrds,2Hkut4rAAyrQxRdof7FVJq,70,1PCZpxHJz7WAMF8EEq8bfc,63
216,alice in chains,rush,64tNsm6TnZe2zpcMVMOoHL,73,2Hkut4rAAyrQxRdof7FVJq,70
217,nine inch nails,robert palmer,0X380XXQSNBYuleKzav5UO,69,530Sdm7eqqzWBdDmILMgnu,62
218,evanescence,the marshall tucker band,5nGIFgo0shDenQYSE0Sn7c,73,59QxeZBL6k9L4oJBGSyukd,60
219,fear factory,billy idol,74Hj7BmnUXyx2udrIEIKwX,55,7lzordPuZEXxwt9aoVZYmG,70
220,opeth,don henley,0ybFZ2Ab08V8hueghSXm6E,61,5dbuFbrHa1SJlQhQX9OUJ2,67
221,ted nugent,lou reed,21ysNsPzHdqYN2fQ75ZswG,60,42TFhl7WlMRXiNqzSrnzPL,68
222,testament,motionless in white,28hJdGN1Awf7u3ifk2lVkg,60,6MwPCCR936cYfM1dLsGVnl,67
223,finger eleven,wage war,0niJkG4tKkne3zwr7I8n9n,59,6bu7CtcOMWcS0BMq7snHW6,62
224,kmfdm,asking alexandria,3V4IvzRQYP5mzuVtkcHgVa,51,1caBfBEapzw8z2Qz9q0OaQ,70
225,dark new day,slaves,4p4w7caKUrj4emHsdmSToC,37,4rMxZovfLSDjEL9eI2pKo7,58
226,korn,five finger death punch,3RNrq3jvMZxD9ZyoOZbQOD,75,5t28BP42x2axFnqOOMg3CM,80
227,lita ford,silverstein,77tBvvyd6SD4Y9Um1xcbxP,51,1Tsag5J854qxeOo2apszug,66
228,katatonia,red,2CWWgbxApjbyByxBBCvGTm,55,01crEa9G3pNpXZ5m7wuHOk,65
229,rob zombie,sleeping with sirens,3HVdAiMNjYrQIKlOGxoGh5,65,3N8Hy6xQnQv1F1XCiyGQqA,68
230,heart,theory of a deadman,34jw2BbxjoYalTp8cJFCPv,69,74eX4C98E4FCrAMl39qRsJ,70
231,anathema,in this moment,0ZXKT0FCsLWkSLCjoBJgBX,54,6tbLPxj1uQ6vsRQZI2YFCT,68
232,slipknot,falling in reverse,05fG473iIaoy82BF1aGhL8,80,2CmaKO2zEGJ1NWpS1yfVGz,73
233,front line assembly,through fire,5QYAExYvxixCVwX70SRf7F,42,1SPVRGHIGb9TJxBKQ9O9XT,52
234,swans,the used,79S80ZWgVhIPMCHuvl6SkA,50,55VydwMyCuGcavwPuhutPL,64
235,pigface,the red jumpsuit apparatus,64mGp5QFpsekCRHe6RqDYz,25,1SImpQO0GbjRgvlwCcCtFo,65
236,quiet riot,killswitch engage,1dLWg6m8RRhizsdqJbhyj3,63,37394IP6uhnjIpsawpMu4l,68
237,cradle of filth,polaris,0NTSMFFapnyZfvmCwzcYPd,54,0v2e0oznnTaIXKLGKHphfX,61
238,firewind,bad wolves,70I9vE7YTwKmelfEplXc5r,45,0eI3X5rAzHRZVe5FPk4MN1,68
239,device,shvpes,0fpqZQia1PSW32o9tN5NKc,42,0XrqdPZEYIUOUOc9rtee4m,44
240,chimaira,i prevail,0kO2SRhHlmMIeyJHfHy3c9,46,3Uobr6LgQpBbk6k4QGAb3V,73
241,arch enemy,trivium,0DCw6lHkzh9t7f8Hb4Z0Sx,59,278ZYwGhdK6QTzE3MFePnP,69
242,my darkest days,saint asonia,64g59lHsc4g2jMFokrKDGW,60,6Fwq3TDWpMhcL1KTKVQiI8,54
243,zen from mars,korn,0l7mtbFQtJdpEuX9PRIngd,0,3RNrq3jvMZxD9ZyoOZbQOD,75
244,david coverdale,hollywood undead,2t5vvfFf3UdW0pJa7bz7i1,30,0CEFCo8288kQU7mJi25s6E,74
245,johnny hallyday,point north,2HALYSe657tNJ1iKVXP2xA,63,5Vp7LqcfAtx2U1RfIX8i7r,56
246,bloodbath,solence,7eYmDBinb760MUIfoRdlGQ,45,4fnono0JCZFAeeaecrI7kg,56
247,death,the word alive,4f5V3PQ66nIrBCqugJtaGn,58,1CF8aEN939swnuIZGFI7Hk,65
248,pailhead,picturesque,79tGKVjStKuAZmHo6qA14J,21,412BedlPBwXH6Dz6xetzGI,51
249,trivium,electric enemy,278ZYwGhdK6QTzE3MFePnP,69,2N1mByBMykfROrhwRVQV3v,28
250,voivod,fire from the gods,0lFiKrJUofJpnrAJnMsnQ3,37,6yeRY2d7gubXoymv3DAYhS,56
251,nightrage,cold,6dhqzgrbFggOBns03STnU3,31,0Gw3a3BkWLwsMLFbOBmo6Q,53
252,mötley crüe,skillet,0cc6vw3VN8YlIcvr1v7tBL,74,49bzE5vRBRIota4qeHtQM8,76
253,stuck mojo,slipknot,4Bqt1X3kNYGUWtbs0fCKTB,32,05fG473iIaoy82BF1aGhL8,80
254,black label society,crobot,0zfT626RwO6zN3RDYeRit5,61,4ygqEKxbe61knnDaodGFmi,48
255,the dead daisies,grey daze,6VDAPUov4yNDHyQlPqrpNH,45,1OPyWvWWkx18pqGjugyxrl,47
256,the black sorrows,pearl jam,1iES8Ckei3eLmSBPo4vwU7,46,1w5Kfo2jwwIPruYS2UWh56,80
257,sevendust,ded,35Uu85Pq33mK8x1jYqsHY2,59,312CXoyqdQ0p6ZJ67NJoVa,49
258,dio,lamb of god,4CYeVo5iZbtYGBN4Isc3n6,64,3JFsVIxOn7STeilPICkkB2,67
259,divine heresy,blind channel,54qeKnz2E2jj0oU61dYk5B,28,3L58J6a7f0jyy2p6f3MSAs,47
260,bile,motive black,7rBp0ChNSds53ArYsOJNSj,29,1cCTbyI3umMlxOoqjt7uDw,24
261,slick idiot,veio,0kZpuNm4o9hQki5IMsu5d5,14,3QY5DMEgg7H5EAttsSHSSg,31
262,ganggajang,the anix,3CDzOX9D1buMRHeTNFHXMm,44,6nFvVbL2RN5czSm7NZjE51,45
263,bells into machines,fozzy,72Z0GneC6QFVploUADwTmj,4,59CIPNdUfewexxn1CJEdp5,57
264,f/i,billy talent,5GwhlyMISqQyKVDKkcT2Rk,1,08yf5A2nS4XEeNvabDXqyg,69
265,the jesus lizard,jason aalon butler,6r26MaDr8bqNALjXgYPXMa,38,7fvTBshis8LPl6TrjnfOsl,41
266,lead into gold,alter bridge,31AGUo9XdSojGBaIRvLOPl,10,4DWX7u8BV0vZIQSpJQQDWU,66
267,bob ezrin,four year strong,7KB44g8FAQoQhDE9FLGpeh,38,0qqxspZOkbN00bu6DaRIrn,59
268,lynch mob,anti-flag,2K3xysAFpeFSH3DG0zIErf,39,30sqtiTKIb1oDve0SdYayT,59
269,murderdolls,marilyn manson,5qrZ4EXMTVH4e6odErsQjb,41,2VYQTNDsvvKN9wmU5W7xpj,73
270,agent steel,code orange,1FQv3rI4iJPitbZiTxBGut,28,6qtECqesbU29iftyeWmldK,58
271,nonpoint,rev theory,6BdSOHfQ6kMg0tbAFlXR1z,58,10n5DVRlZbjbZ5ffpwpn6l,55
272,lcd soundsystem,bring me the horizon,066X20Nz7iquqkkCW6Jxy6,65,1Ffb6ejR6Fe5IamqA5oRUF,77
273,yngwie j. malmsteen’s rising force,the amity affliction,5DpSoH5zCXNRqYai7pmcGG,52,6kNKUYGn6VNGsRoXmyoDPK,67
274,kelly osbourne,from ashes to new,1hckaudcoOzWyeRIlrOksc,34,4HrkLxQHZ5mgCtIVpiH5QX,61
275,delerium,diamante,0IUq1plF3ON4Fboj1bE6kN,53,6jMXENspOIBHOTQNQDTxsW,52
276,murder inc.,breaking benjamin,2Je3qLV8DPcPhgujUQ36Us,16,5BtHciL0e0zOP7prIHn3pP,75
277,lard,kayzo,0tVaocnHutXh3lK8GxfaqJ,31,72iCiKwu6nu6Qq9emIwzYv,63
278,three days grace,poppy,2xiIXseIJcq3nG7C8fHeBj,77,5mlbvTfWUOfDrUIK6dkNzv,62
279,the jackson 5,fame on fire,2iE18Oxc8YSumAU232n4rW,70,10Z7WzKMeIdNBKexi1YarP,62
280,hear ’n aid,otherwise,2I7RzPfMcuVxOktK7u5Vf5,3,1OVyBGCKn7vObVIVPXcmLa,54
281,cancer,tool,3AHeQk97Bdz43qM7GMlXL8,23,2yEwvVSSSUkcLeSTNyHKh8,75
282,ptp,sleep token,69sAMe4GK8iyW34DffJFkV,10,2n2RSaZqBuUUukhbLlpnE6,50
283,zimmers hole,shinedown,3oEgpuVSe4DDtzR7GMiLyS,22,70BYFdaZbEKbeauJ670ysI,75
284,1000 homo djs,the blue stones,62G7ybeJSN91TgfsWsdDOb,26,5VPCIIfZPK8KPsgz4jmOEC,56
285,social distortion,of allies,16nn7kCHPWIB6uK09GQCNI,59,5fYc93nNjMlAsoaXen9elQ,36
286,aerosmith,starset,7Ey4PD4MYsKc5I2dolUwbH,78,0kD8IT1CzF7js2XKM9lLLa,68
287,nirvana,black veil brides,6olE6TJLqED3rqDCT0FyPh,81,6O7MpKrY91vlCd4Osi6XKs,64
288,genesis,art of dying,3CkvROUTQ6nRi9yQOcsB50,71,28DlNBW2UlEVVgTuCcYtTe,50
289,yes,bonesteel,7AC976RDJzL2asmZuz7qil,65,6mc6QAwPvw9Uu7LNsArM4y,30
290,pink floyd,coldrain,0k17h0D3J5VfsdmQ1iZtE9,83,4pCVGaLWxDe4d8bsjsnmUM,55
291,the shadows,hellyeah,03hfAxVdAWj7kxDnSG0fLD,57,4hxDvVq5t8ebPYPdBl1F9f,58
292,bon jovi,any given sin,58lV9VcRSjABbAbfWS6skp,80,1376cQHGVXyY9lSz0Wf900,41
293,iggy pop,zero 9:36,33EUXrFKGjpUSGacqEHhU4,67,1V599H9vfq6hWe2hGzyzI0,53
294,david gilmour,mammoth mammoth,2FcC4sDMXme2ziI7tGKMK8,60,0SinbcXhPwNHsfAUstKY9h,30
295,van halen,clawfinger,2cnMpRsOVqtPMfq7YiFE6K,74,1xE3snzm12GBK259IqEFlY,48
296,ramones,beartooth,1co4F2pPNH8JjTutZkmgSm,69,6vwjIs0tbIiseJMR3pqwiL,65
297,poison,the devil wears prada,1fBCIkoPOPCDLUxGuWNvyo,66,0NbQe5CNgh4YApOCDuHSjb,57
298,scorpions,sum 41,27T030eWyCQRmDyuvr1kxY,74,0qT79UgT5tY4yudH9VfsdT,73
299,hawkwind,silvera,2jK54ZlZhTF1TxygsVeR05,48,0uE76EfCRAHXuM0n5hesvK,35
300,red hot chili peppers,papa roach,0L8ExT028jH3ddEcZwqJJ5,84,4RddZ3iHvSpGV4dvATac9X,75
301,foreigner,a killer's confession,6IRouO5mvvfcyxtPDKMYFN,71,5zLrMhpswOj8Wk9EK1PTDM,37
302,vanilla fudge,adelitas way,0vIMq3W8V63uR4Ymgm2pF1,44,1ZjAT2nTrzDIXFfsQ2hWJk,59
303,tom petty and the heartbreakers,dream state,4tX2TplrkIP4v05BNC903e,71,3PPxT6AXgPvvajfvP1LQtw,49
304,skid row,american sin,4opTS86dN9uO313J9CE8xg,65,3NA7pdIdD5hjZMMxI85CAX,35
305,james taylor,cold kingdom,0vn7UBvSQECKJm2817Yf1P,72,2xCNGjnt3szUnV29cCtrWD,42
306,leonard cohen,dayseeker,5l8VQNuIg0turYE1VtM9zV,70,5FjQVp1Lb0kltmwIuu5kfj,55
307,canned heat,lenny kravitz,27a0GiCba9K9lnkKidroFU,59,5gznATMVO85ZcLTkE9ULU7,71
308,artists united against apartheid,ramones,6o2VsYOl5FxnOJYvod1Q8p,22,1co4F2pPNH8JjTutZkmgSm,69
309,tom petty,foghat,2UZMlIwnkgAEDBsw1Rejkn,72,6x33CmZWo2Ve4hxYl2Craq,57
310,manfred mann,chuck berry,5670CyWrIOA7702gNjsGMZ,55,293zczrfYafIItmnmM3coR,67
311,reo speedwagon,soundgarden,55vs7NT1KxcFjbMC4y202E,68,5xUf6j4upBrXZPg6AI4MRK,70
312,extreme,toto,6w7j5wQ5AI5OQYlcM15s2L,65,0PFtn5NtBbbUNbU9EAmIWF,75
313,various artists,queens of the stone age,0,0,4pejUc4iciQfgdX6OKulQn,72
314,public image ltd,foo fighters,70MMkLXtue3Edj3RJhJkYp,52,7jy3rLJdDQY21OgRLCZ9sD,79
315,the smiths,alice in chains,3yY2gUcIsjMr8hjo51PoJ8,75,64tNsm6TnZe2zpcMVMOoHL,73
316,siouxsie and the banshees,greta van fleet,1n65zfwYIj5kKEtNgxUlWb,59,4NpFxQe2UvRCAjto3JqlSl,68
317,guided by voices,mötley crüe,4oV5EVJ0XFWsJKoOvdRPvl,52,0cc6vw3VN8YlIcvr1v7tBL,74
318,the damned,wolfmother,6VeL8VhaMjHTPc5uovFl3h,52,3yEnArbNHyTCwMRvD9SBy4,64
319,the flaming lips,audioslave,16eRpMNXSQ15wuJoeqguaB,62,2ziB7fzrXBoh1HUPS6sVFn,71
320,primal scream,dirty honey,3wury2nd8idV4GecUg5xze,61,0XBRd3N11rCbh0s8qHf41m,50
321,wilco,slash,2QoU3awHVdcHS8LrZEKvSM,65,4Cqia9vrAbm7ANXbJGXsTE,63
322,the new pornographers,great white,4mO4aGO6u29UyR6XLZR9XW,51,6ZPbX2Lxd40e2UVkXpyxvI,54
323,mercury rev,twisted sister,77oD8X9qLXZhpbCjv53l5n,50,7b85ve82Sh36a3UAx74wut,65
324,the stone roses,the white stripes,1lYT0A0LV5DUfxr6doRP3d,65,4F84IBURUo98rz4r61KF70,73
325,sex pistols,ufo,1u7kkVrr14iBvrpYnZILJR,60,2Omy3P5hFZym7FKum1JA1s,55
326,suede,ted nugent,6PHIK3kjWggLtVygsOtpqS,56,21ysNsPzHdqYN2fQ75ZswG,60
327,placebo,franz ferdinand,6RZUqkomCmb8zCRqc9eznB,68,0XNa1vTidXlvJ2gHSsRi4A,68
328,the jesus and mary chain,the raconteurs,4rjlerN21ygkIhmUv55irs,56,4wo1267SJuUfHgasdlfNfc,63
329,the posies,muse,5ZOh5D4MKLhU3GekPzNFam,34,12Chz98pHFMPJEknJQMWvI,79
330,my bloody valentine,elvis costello,3G3Gdm0ZRAOxLrbyjfhii5,50,2BGRfQgtzikz1pzAD0kaEn,59
331,swan lake,the proclaimers,4ESlhHwH8SZKiDYK4E9rH5,19,1A92IAcd7A6npCA33oGM5i,66
332,the charlatans,the replacements,5fScAXreYFnuqwOgBsJgSd,53,4WPY0N74T3KUja57xMQTZ3,56
333,the raincoats,nick lowe,4t7bXPFEPe0pu1ozhdDLOp,41,3BqaUtuQmqIHg7B5Bc7fP7,51
334,buzzcocks,the new pornographers,2DxlS3lTLFIq70S7ap5H3y,56,4mO4aGO6u29UyR6XLZR9XW,51
335,nada surf,weezer,11zHPjHnZN0ACA50rSnTcy,54,3jOstUTkEu2JkjvRdBA5Gu,75
336,traktor,big star,01czh4LGSprbNEuornDtfu,39,3UvcmAOZt64oKpP95f6MMM,52
337,limbo,the cars,13VunSzrVSmJBpUWxUajJF,61,6DCIj8jNaNpBz8e5oKFPtp,68
338,green day,the smithereens,7oPftvlwr6VrsViSDV7fJY,83,06KgaEpSluofkcChSo7TNr,44
339,the offspring,guided by voices,5LfGQac0EIXyAN8aUwmNAQ,77,4oV5EVJ0XFWsJKoOvdRPvl,52
340,adam and the ants,the futureheads,2DppeCnNtvrLfEobq9Pw5r,46,3TBfn8PtXr42OrTPaoC3E8,46
341,the stranglers,the db's,0RUEHcBiENFEqxgicqS2ig,60,1CYmYyxlWBVY80Kvq5lTDg,32
342,rancid,marshall crenshaw,6xTk3EK5T9UzudENVvu9YB,62,73YLmyaazO66GncUVHP0KV,40
343,the smashing pumpkins,islands,40Yq4vzPs9VNUrIBG5Jr2i,73,1ObsHTgbvIYOfSHohHuV6n,38
344,vice squad,del amitri,2bnpJ3162H9AjVDukIheOn,27,2Q4FnG5T6NTUcAAZwuMV5K,51
345,the barracudas,conor oberst,7K6wJOrOFaXgH87C1BNjp0,24,2Z7gV3uEh1ckIaBzTUCE6R,56
346,10cc,the dandy warhols,6i6WlGzQtXtz7GcC5H5st5,64,7siPLyFwRFYQkKgWKJ5Sod,57
347,american hi-fi,fastball,4XlcLj6bxCnpBIOHmBpIWP,51,7FtVJzRtpQpU61nBwB7cKN,52
348,toto,matthew sweet,0PFtn5NtBbbUNbU9EAmIWF,75,2idymNTKUdnTxforkb12Mw,46
349,adam ant,fountains of wayne,3QP0XPDwbvGivqDAaJ5f5G,45,1pgtr4nhBQjp9oCUBPyYWh,64
350,suicidal tendencies,buzzcocks,3WPKDlucMsXH6FC1XaclZC,55,2DxlS3lTLFIq70S7ap5H3y,56
351,alkaline trio,brendan benson,1aEYCT7t18aM3VvM6y8oVR,61,2Ij97fuR3unjlboQfIYs31,39
352,mike oldfield,sloan,562Od3CffWedyz2BbeYWVn,62,1ahN3WDDULKaAQs7ZUrGNP,44
353,judas priest,the romantics,2tRsMl4eGxwoNabM08Dm4I,69,3daM7asS0gCFvyLemNx2EE,58
354,the mr. t experience,raspberries,3X5CCGAfbZKLPHnfMxc3Lp,30,7Kkx4dACo6kFSeT9wjfVA5,51
355,adolescents,badfinger,2sSmGd0x45FGBtjJwNBSFr,46,4pJCawaKSZ40EnxN0YEYw3,55
356,pat benatar,the apples in stereo,43mhFhQ4JAknA7Ik1bOZuV,64,5KIrQe9pb7tn8y775PsoAP,40
357,black flag,nihilistics,5Mhs3Eu8lU6sRCtRYsmABV,55,4FNRQ4NSryMleGvIpvE7yM,7
358,gwen stefani,the saints,4yiQZ8tQPux8cPriYMWUFP,75,6OWPd5ByKaNSFAZ3TCe5AO,38
359,the vibrators,descendents,0DkpQq8B7ZAKebZEjlzVmd,35,1FGH4Bh7g9W6V4fUcKZWp5,56
360,smoking popes,the queers,4PKAg3S6JyEG8N9wgjD0fu,34,1kRABJWDxSnOJFteI351V6,39
361,lostprophets,pink lincolns,7KnaZr690xW0sCihF9Z8oP,44,41t0FSEpJG8AzL3P9B5Faf,11
362,mr. big,joey ramone,5OfhOoKunSnuubxxRML8J3,62,7dxF7y4hlGFazdArMsxbEx,42
363,uk subs,f.u.s,4wsg78KGu80m8Xk37PY2uG,35,5lpX0qqL8xYIiWOITabiZ7,18
364,zwan,hüsker dü,4pH3eWLiuQc0qO9QR2SFy4,4,16bN8mhtDFdegWbg0z3s10,48
365,circle,the undertones,3AltEY6Hu4mXfegvDuDtqI,37,2WRStKp4ihGVUzlzWfv1Qt,50
366,air supply,social distortion,4xXCRXOfQKQ2gjWxNhNzYW,71,16nn7kCHPWIB6uK09GQCNI,59
367,sham 69,nobodys,29XJ6qIJAQdRSw64f47aJe,41,5dMXPZsWFs411zjl9TueAr,19
368,theatre of hate,sex pistols,4DVkpRVWHBc4UHbMuZs4nQ,19,1u7kkVrr14iBvrpYnZILJR,60
369,josh freese,dicks,7EMrFlPVSDGQKOgtHKH28L,3,5Sn4sDRaxbilWiTNmuUuqU,31
370,titus andronicus,plasmatics,5lJ4XQ2hlPlxACN7q3xKL1,39,4kf4d3tN0MZGpEP6BacY8j,27
371,agent orange,johnny thunders & the heartbreakers,1pBsvSnrhmgDZqisT13SFA,48,1SrtY5x33d2gF27chigCGg,38
372,rooney,anti-pasti,78inRkIIF0n9R9I2HPoWP7,46,4dZKzWDVHSXfDfB5qjW1UN,18
373,hole,fugazi,5SHQUMAmEK5KmuSb0aDvsn,59,62sC6lUEWRjbFqXpMmOk4G,57
374,ted leo and the pharmacists,teen idols,5hbH3dvtk49g07qpc1QwPe,36,0SWH7zYU8XWVh14ig49fQH,24
375,bob seger & the silver bullet band,the stranglers,485uL27bPomh29R4JmQehQ,70,0RUEHcBiENFEqxgicqS2ig,60
376,the e street band,fidlar,6Gt8nwunKGTUYQq5UqiDR2,27,3P6duIn7oHeiBACZfYeNud,58
377,marius müller‐westernhagen,the suicide machines,6El2bDJ8PlTKVYyEPWxfAS,56,31v7ijnAMVL9V7Uzr1sFcI,50
378,king kurt,the neighborhoods,0XYZBvFiIM22T1sG6EjsPQ,21,1SqrifgFCErxE4Bw0thyTg,9
379,the farmer's boys,the vandals,1U5t3ntlqBub4Ckfc3JeBU,8,4AqIRTZF6DDmKmdorgFug6,48
380,soft machine,agent orange,5A0MH7JfEBEMySevsmauds,40,1pBsvSnrhmgDZqisT13SFA,48
381,the blue aeroplanes,stiff little fingers,4MTSrVgHNfGtYV9pek8vY5,25,2bt3I0VkmYuPvP57sxokab,48
382,the men they couldn’t hang,blitz,2MlEIMqlnk7DFA1WJY0Iva,28,7H3mzoTRkxJuqKBRYcykwL,35
383,the sessions band,screeching weasel,0,0,671sBQXQM2vHSu0AGvpfDs,47
384,rocket from the crypt,captain sensible,5GOJQ1HSMGp1rEnOhBeH1h,36,7aqUNh5Jsbp7xZtvq97b5F,38
385,duvall,x-ray spex,698AMQpOs7zngD14lOlkM3,16,5BgWMOdEUJYdUBH3WXfMWt,41
386,exit-stance,pennywise,1qJxBJ2CqxVN7yooEydwOx,1,6i0KVTOvm96T55mbp742ks,60
387,tears for fears,the dils,4bthk9UfsYUYdcFyqxmSUU,72,207lkKoDm8dg0yMGIA56tW,15
388,spear of destiny,siouxsie and the banshees,4vJgvzfdA3q1KFsNl3GFvc,28,1n65zfwYIj5kKEtNgxUlWb,59
389,short bus window lickers,fear,0,0,0hPU1czS0JdstuT8VRtBPS,42
390,the adicts,motörhead,5f5B8Zd0xuvmcDin3oK76F,44,1DFr97A9HnbV3SKTJFu62M,69
391,the pack,the boys,5M6GE2n46o0qBIyGXtzdQz,39,4skTgMZnk2EvSwYMo9Eu73,27
392,flamin’ groovies,swingin' utters,3yesh1QeNXucaDFw8ZPKxd,44,6zXHaJc2ZqAmSyxT606ccM,42
393,tree63,the vibrators,6x5SSOrpZwjUi8zfLBOQi7,34,0DkpQq8B7ZAKebZEjlzVmd,35
394,every time i die,zeke,0o7WWONtleH6PWLn5GIoCM,52,7HvjR3M6xzluBLTnioRzvu,34
395,dogtown rebels,the cortinas,3YogZ1shv0W8RqKO2h6CaS,0,05KReEfZQ1BprHcUudUGLy,13
396,doves,johnny moped,0LVrQUinPUBFvVD5pLqmWY,54,4FVwX9tUubRxgJAGqSyB1j,18
397,little steven & the disciples of soul,the lurkers,6jdYtcR0w0GozvhEWHEQjO,13,74eXcPVNOoTjuU17d1GBnE,24
398,f-minus,mc5,20M02mDZGFdv7UZKCi0jEQ,30,4WquJweZPIK9qcfVFhTKvf,45
399,p.m.t.,minutemen,0,0,0z6zRFzl5njXWLVAisXQBz,51
400,starchildren,insted,09C4iZlDbfTnTv7yfOTpfE,0,3122FeGvz8tC7SRIcVN7sp,17
401,the grit,street dogs,2SrAQMjZPRNRSeRwV4LOZM,7,0spqoVkfVzRyAPmA6ZY5F9,43
402,the restarts,china white,5kkZBvl9ELNIjDcHHAGIbZ,28,64WASAAGPShcakMXxVyg8l,7
403,bulldog,betty blowtorch,0bI566gNqVLuVAra7TXQp9,40,6illIVqwwXvB3fT1ZfLrBK,18
404,zero tolerance,reatards,00FgWemftDYG0n2kaGHhEz,9,5i0ZzZvt5gxRZk2RitowCw,27
405,dynamo,transplants,111nt9iSSDDF16KPSSLC5g,35,6f9zLIMqyEu7abKhGMFr5q,50
406,operation ivy,7 year bitch,18XRGxd1b484f2h06cwvJJ,52,535KSdsDbNGj6w6eCBkRP5,31
407,tempest,the puritans,5svDD0GKNeaBBHCcuP3b3k,16,1lq8w8Sr1CeWhuYn7BxUef,0
408,discharge,gorilla biscuits,5SRhOM75OnwuXH8BmCxD5a,40,4dJX4iJ0qbB4gjkeenbK2N,40
409,ligotage,millencolin,4J7XndmCPVnHuqJU93aUah,1,74xFFXkvOq9dPDigOWTHiX,58
410,sex aids,the lawrence arms,0,0,0aQ8Ow9YAkGxr5bbehjkcS,46
411,urban dogs,really red,3ngeEK4UDHMfUrHaUvj7ci,6,0KaZn4EvtXZXJZjJq8QPWa,11
412,broken bones,subhumans,6P2IcurmnwVjz9LBMoinuj,22,1lJNwrcZP9AEjFL7s8YdbK,41
413,the wall,cockney rejects,3NOLGj494BLR3un06VnjKz,4,4EfSXeVFbCEYIde3E9k4wr,36
414,dead katts,the ruts,0,0,1uJKSAvQROYPgm7qhZkqd3,36
415,the friendly enemies,acme sewage co.,0,0,1W7UK40M9jFpEQ9q2GcYdj,2
416,cowboy mouth,the dead milkmen,32rtQaUBGDTxYH3rMWKNvH,35,2fhngmJMaaKcdhXHCa4cPK,46
417,dirty love,4 skins,3PhRc89HOQ2V8UcXvlz9jh,0,5y0FSpa0TYgmll2TorAeke,33
418,the special goodness,government issue,7g2BEyIIH8W3TNgMilJLba,9,23TsZp8huaixFFF78vRnNO,24
419,dr. zoom & the sonic boom,marginal man,0,0,0WLdtD2xyIfl4hKNaISW0Q,12
420,squirtgun,tonio k.,5R7NkNibRqjUHyhzVQoS1g,15,5XVoaMsis6opO68EbWljqg,12
421,dream theater,the fairlanes,2aaLAng2L2aWD2FClzwiep,65,5RbWruxFfxTUj0SwfRjUZd,4
422,teen idols,the business,0SWH7zYU8XWVh14ig49fQH,24,3nm0KMLo1Z6hyJ4QYa0x9r,37
423,fred,jerry's kids,3oHPPysnsyCHI6qEIiWDSK,20,6XAj3VVSI7aXhYJHiOBebw,22
424,the fits,jfa,0RoyI2PfBAkTennlN3Awfi,6,7vK8mhJsXkHv7319kbSPuX,32
425,cyanide,the pink spiders,5mrC8oCJAqhNlXkcb52443,29,0UREuWUT6wPZoL1Gglwmm0,30
426,the cane,mike v & the rats,3lme8woPmGh3anLHdPCtN4,13,5TpTd1RapCq96TSIsMBp1C,27
427,steel mill,u.s. bombs,7qDozVARKms1pcEsHiEcy7,20,2yu3SWTzbVW04uIxegRzkP,35
428,the rascals,the weirdos,5g2n2H9ndqvejERtwZ1rHh,41,2XRBA6Nc5WTh9cTcvnqOge,28
429,the exploited,threats,6NB4b8lltHCjOhW7vQZkAy,45,7cBGaj4RhFh6ZeWq0RTkkb,8
430,k‐klass,richard hell,4O1s9iVG46lSn1mD9ek1ES,48,121Q6oslYCMBYZHhOFL1RB,41
431,the users,channel 3,4l1flwjuY4pQ2OpLyQkKFA,7,043Z4DlT3pZXHXRLbUyNOj,20
432,against me!,the fartz,29lz7gs8edwnnfuXW4FhMl,57,6WJIEv4osHf3BcUObAdYGO,11
433,the stains,red aunts,5DNal5iGAVdNJyJ1ERNHGk,4,5leYQ5Go0WzslKsAoicGaO,21
434,avengers,slant 6,7wlcMBcefcOa9qN6bPnmVh,21,2wJzS4RYv4vtk5uo13IlkY,20
435,mdc,the velvet underground,5JQSncL9xdFUl0FrdYMWV0,35,1nJvji2KIlWSseXRSlNYsC,69
436,801,angelic upstarts,5qdmQleqtaArFgVRRUPAFJ,5,5z96yaS2s1USscDldCCDgw,32
437,the lookouts,frenzal rhomb,3KKIo5xiCejwTmrn6npGVC,12,4cxBQR2C44tnfQ74lpFN7N,44
438,magenta,no use for a name,5du1Lf0YKbak13Ym58jKsA,37,5p3WimI9yquAF6Lqhlm4Ol,50
439,attitude,dag nasty,6HhwIU8DwwfVVNWO8Yso5b,34,2KytjqKNcs59u2JaCKNT9E,36
440,u.k.,7 seconds,64vNIhiqTanqaY1VJucSAS,28,1ByqGbfU0crCY2zEr0U8Sv,31
441,screeching weasel,useless intent,671sBQXQM2vHSu0AGvpfDs,47,5dI1fQI6xIicaWXpo7ozqb,0
442,a perfect circle,kill your idols,4DFhHyjvGYa9wxdHUjtDkc,65,6XMDTpG4mtZWvDlFjRF3XT,26
443,the sundance blues band,throwing muses,0,0,5xU5wRTlZHVRoo2OxPvqA4,38
444,samiam,operation ivy,7eNSfWxOEWP2B2QQgHGBoo,38,18XRGxd1b484f2h06cwvJJ,52
445,the queers,new bomb turks,1kRABJWDxSnOJFteI351V6,39,5J17u3xQnvNm5GW5k50foj,29
446,shalamar,the oppressed,3REpOYo13YkVj1dFzda12A,54,1aLJVh813VrDaloItqsPNV,29
447,courtney love,radio birdman,4vI0xGbQl2cMnMiagUEBOj,43,4cpMQdcPKsbw2SaTjGazQf,34
448,liquid trio experiment,celibate rifles,1VeQQhyfm4TzaB77YFmTJm,12,4mZlgrDsGRgWXy7T5ke3hP,26
449,stryker,black market baby,5sDpkzowsJkqkTLzw2r8eF,36,1pI4G6rXOzQdOUWrNO2P6H,12
450,gong,rancid,47yvARr7dCOKqvjDVwfbf3,38,6xTk3EK5T9UzudENVvu9YB,62
451,the plugz,the original donald trump,0,0,4HsnTCadEWmaIBF4RpxfCS,3
452,chaotic youth,dead kennedys,6JWfJng4TkpLHh5bkvIbeS,2,30U8fYtiNpeA5KH6H87QUV,59
453,the bruce springsteen band,u.k. subs,3eqjTLE0HfPfh78zjh6TqT,79,4wsg78KGu80m8Xk37PY2uG,35
454,planet x,the damned,606C212UlG23PcixrcBGI4,5,6VeL8VhaMjHTPc5uovFl3h,52
455,pansy division,negative approach,5OyEfwMlXpCWU8dWVENGgm,27,1DijMV2W1I2CfGLcarzgav,29
456,angels & airwaves,chron gen,7xklw3WodFZiNNmQt3DIgp,61,5upXMwQ7ishuEbv4H79Sto,22
457,the orb,the eat,5HAtRoEPUvGSA7ziTGB1cF,50,45R8bhBasSBSC1X13mYzz2,9
458,shiner,circle jerks,07oHSnqyeLR2Upt5JDJjfy,27,4ubY8RYfXkcEqgjEMDuLYl,44
459,the red hot mammas,the gits,0,0,4uHoGHfHZep6Z8YUn8ji5m,31
460,teenage bottlerocket,john chopper harris,0mGyXXKzoR5KAAh4Mkef2W,49,5gd8Gv34bWopKMWWkxdJRM,4
461,lars frederiksen and the bastards,slaughter & the dogs,64HBI5GPR0TqM0TyAKu0nG,43,49gkczqXZrObph5J5yXf7r,22
462,battalion of saints,sonic youth,1zE9xbshPJ0DfrT8jx3RlB,23,5UqTO8smerMvxHYA5xsXb6,61
463,iced earth,999,3KEixcRfBS5K3E91Vn1Kdy,53,14IKysoZ0qyGRsIiTk1Ase,35
464,riverdales,joe jackson,2R1M7IlF0xmkvrvfJ6e5Z9,29,6KOqPxwfNAmZPkiCnDE9yT,57
465,the mighty lemon drops,the slits,3LrsctPHK5wMdvEqvFN8BW,26,5O0RrEgz4NLCPLrDZiPggz,42
466,paul slack,star fucking hipsters,0vtZ98NeagiMI8N0npdQ3B,0,0ZyPhNogYtuJGK8ZdYQpQG,38
467,the skulls,the chats,5n14E0cV8fxiEZvhdke0dL,6,1aQ7P3HtKOQFW16ebjiks1,58
468,7 seconds,the fades,1ByqGbfU0crCY2zEr0U8Sv,31,58FnrTrMiP3T8lUjkbNZdZ,2
469,the dogs d’amour,secretions,7aRd5u0bLGDwfY0mv5sfyy,25,2DMVZcuhEMFD9FV2rZzpVC,8
470,anti-pasti,the distillers,4dZKzWDVHSXfDfB5qjW1UN,18,7MlyHuGRHi31yYlrttDqgT,53
471,avenged sevenfold,nofx,0nmQIMXWTXfhgOBdNzhGOs,77,4S2yOnmsWW97dT87yVoaSZ,65
472,t.s.o.l.,tom robinson band,4oPMm2idleIKLdBWgZilSi,44,57YVY9QP1mhqc51WqHln0e,42
473,osi,the radiators from space,1SDL0IuBpmrqx7Jag5HWdQ,38,1HnC7fVSPk5yuh2TtWV9AL,11
474,propellerheads,bad brains,3Z7thZHrtFvqp8OpPffPKp,46,1oVj9JmPUPg4SQ2uerV2xc,52
475,maxon blewitt,lars frederiksen and the bastards,1V6ltTt5WrqFRRNY3Wqbsv,2,64HBI5GPR0TqM0TyAKu0nG,43
476,the youngbloods,pixies,5I6MzhNEMk27cZsCqGAIYo,45,6zvul52xwTWzilBZl6BUbT,70
477,catatonics,crass,0,0,054P3YpUCLmd6a8HwdWDXE,41
478,pain of salvation,mclusky,1uRpg2s2jNaxbmoNiJDGfd,43,3xA9AB0f4BVjsSlyQc12iE,35
479,strangelove,the rezillos,6arQFFRjYKcJzEsULbKnzD,16,0nbaBQTlGxUPLQ07N7onwv,36
480,plasmatics,new york dolls,4kf4d3tN0MZGpEP6BacY8j,27,0WhGV9lzljq2QKJ8ipw6jx,46
481,youth brigade,bratmobile,1eutYbNCbzXAEK1pOd0GfS,18,3GTaO7e3uPaG0SJR7Hxy8L,41
482,the jazz butcher,me first and the gimme gimmes,7zi9v3F5KzAuS3MkJtm5dc,21,0cOVRC8EOwDwXrs3JTrRN5,57
483,les blauw,roger miret & the disasters,0,0,4d9NGlbVatiMW0zqfOoe9O,21
484,the wake,them fangs,39aYm70XPfUpkMIKSfeeig,31,2NRR0lyVjbWkNopfUgOp7i,18
485,d.i.,wire,5oasYcG0IyAwjap9t3MWW0,33,2i8ynmFv4qgRksyDlBgi6d,51
486,combat 84,d.o.a.,0dx13M6EtQYQHMy7tY7Ly0,23,3g92p1YpivbOqVLiYVd4Yk,38
487,the lewd,gang green,2EhgQvlWrMULDhgpZPAR2E,12,4gfM529Pq1Qxrc40MfJmge,33
488,the big bad bobby williams band,guttermouth,0,0,2zIenWuthqTgWumViRZCZV,46
489,transatlantic,teenage bottlerocket,4eOjprZV7J3pEjQOsdtLjC,28,0mGyXXKzoR5KAAh4Mkef2W,49
490,dave holland big band,reagan youth,74gjeRk6qszP1GESbyVmb5,8,5105k1OIV9BdhuB3rxtHYb,33
491,,the pleasure seekers,,,0GM1vR5VfHidDOiyI1zAu1,24
492,,senior discount,,,4xk0mwRccwaYcB8DhZDC2L,1
493,,the jam,,,2P560DaOMNDUACoH8ZhOCR,62
494,,generation x,,,1inWec2E2UgfzMAhwjgTXe,49
495,,the dictators,,,2Ohpu0UE5PFDgfhUxEi0Fy,33
496,,the exploited,,,6NB4b8lltHCjOhW7vQZkAy,45
497,,minor threat,,,07PiZYrhllpSXtELkUxlrf,50
498,,dwarves,,,4D9H6CaKzDTaN1EbAHypYg,41
499,,gg allin,,,5Nx3gPpU2OFLI80rv7fDX5,42
500,,l7,,,2zMQOJ4Cyl4BYbw6WqaO3h,49
501,,lipstick homicide,,,5J6uj0yBahnpt2roe5lY6t,11
502,,zero boys,,,3tasoNLQ6d3uNBGrC1LEOD,32
503,,randy,,,7qYeIN2r4H1kBvr0Gm9Iav,59
504,,the subhumans,,,723eM08XdPbUgcDh8Ql0rN,16
505,,the bloody hollies,,,5QKdSZ3P74BUn3RyudmmzE,21
506,,misfits,,,1cXi8ALPQCBHZbf0EgP4Ey,64
507,,pup,,,6A7uqgC2N1nUhrCLAytHxN,58
508,,the avengers,,,7eSvd8I9IvSXvz5DhbJ7Oe,17
509,,x,,,54NqjhP2rT524Mi2GicG4K,48
510,,the spits,,,3nTp46BPWuUUhBV6GXQiY6,38
511,,the meatmen,,,2Pu7FTzx1loEs7y6EWLljQ,24
512,,the partisans,,,3ho0qXUQ5Vmj7IhKIq3afM,28
513,,le tigre,,,2n6FviARgtjjimZXu18uRM,49
514,,peter and the test tube babies,,,2mHQfi32bOrYcD42cazcmh,35
515,,link wray,,,2vQavlZtDA660mnZotYIto,50
516,,death,,,4f5V3PQ66nIrBCqugJtaGn,58
517,,ill repute,,,2FE7KWiPJqwic38cmnAUQs,25
518,,mission of burma,,,5UMQV83wwZCCvRSQCVjZw6,41
519,,wipers,,,0sTTw3dw3EA0c7NaZnrJd2,41
520,,the stooges,,,4BFMTELQyWJU1SwqcXMBm3,57
521,,the muffs,,,4FYk4moRCGHdXIK3AMcelO,40
522,,d.i.,,,5oasYcG0IyAwjap9t3MWW0,33
523,,the 5.6.7.8's,,,5MZqcO35TJh5QXaFmvXmUy,41
524,,bobnoxious,,,4XKAW7qJs0xKoQuMnofGYu,14
525,,green day,,,7oPftvlwr6VrsViSDV7fJY,83
